,Team,Predicted Wins,Rk,Conf,Div,W,L,W/L%,MOV,ORtg,DRtg,NRtg,MOV/A,ORtg/A,DRtg/A,NRtg/A,Year
0,Utah Jazz,67.2487537802314,1,W,NW,27,7,0.794,9.71,118.8,108.86,9.93,10.31,118.68,108.16,10.52,2021
2,Phoenix Suns,55.01512964681528,3,W,P,22,11,0.667,5.91,116.31,110.15,6.16,5.63,115.26,109.36,5.9,2021
3,Los Angeles Clippers,54.686639307658155,4,W,P,24,12,0.667,5.89,118.58,112.73,5.85,5.71,118.44,112.76,5.68,2021
4,Los Angeles Lakers,53.162588789864934,5,W,P,24,11,0.6859999999999999,5.71,111.57,106.01,5.56,4.96,111.45,106.64,4.81,2021
6,Denver Nuggets,50.43155198985645,7,W,NW,18,15,0.545,4.36,117.85,113.46,4.39,4.09,118.01,113.88,4.13,2021
9,Golden State Warriors,43.503915666253604,10,W,P,19,16,0.5429999999999999,1.2,110.77,109.45,1.33,1.29,110.68,109.26,1.43,2021
13,Memphis Grizzlies,41.167466890870436,14,W,SW,15,15,0.5,0.43,111.42,111.06,0.36,0.47,111.41,111.01,0.4,2021
12,Dallas Mavericks,40.822144283797655,13,W,SW,16,16,0.5,-1.03,113.96,114.81,-0.85,0.34,114.51,113.94,0.57,2021
